Name,Year,Target,shear_200_850,shear_500_850,shear_200_500,shear_300_800,shear_850_1000,RH_avg,SST_avg,ROCI,v_0,Lat,RMW
CHANTAL,2001,0,27.701475539398192,13.86626789779663,24.76903513442993,21.594647290649416,8.711445306930543,80.34612274169922,28.12777099609372,150.0,50.0,15.3,22.236541767823486
ERIN,2001,1,17.967739969787598,9.02886147506714,17.8250926612854,15.203401267700196,5.03321719242096,74.54776000976562,28.713433837890648,180.0,45.0,25.6,35.651095449923254
JULIETTE,2001,1,24.580821660766603,18.03100427078247,25.575847302856445,15.538678705215457,6.251001690101623,85.96497344970703,29.147271728515648,120.0,,13.4,
GABRIELLE,2001,0,44.78195996520997,25.99283518157959,25.488444798583984,35.589262358703614,22.59085008956909,67.32180786132812,26.41536865234372,225.0,65.0,33.1,32.633914136970084
KAREN,2001,0,27.6401669871521,13.731632670898438,20.10383841384888,19.34670040985108,8.211821945648193,79.14153289794922,23.726129150390648,180.0,65.0,37.3,25.353247630152968
IRIS,2001,1,14.932822037963868,11.51015976913452,20.1583231640625,15.73433236618042,8.258861874084472,70.77692413330078,28.897607421875023,225.0,75.0,17.1,23.20799711156279
JERRY,2001,0,27.962911875457763,17.961628023223877,22.558662728881835,27.07514468536377,7.401615487213135,76.31102752685547,28.55880126953128,120.0,35.0,11.0,23.34522627011407
DEAN,2001,0,19.333777637786863,7.849493073425293,15.721917532653809,12.815657280960083,6.14642659954071,75.00320434570312,26.869317626953148,150.0,50.0,37.7,27.739706727820984
MICHELLE,2001,1,27.445752584991457,11.564678814468383,23.73591224822998,20.27207544342041,8.022934619216919,88.0292739868164,28.183953857421898,175.0,50.0,17.0,27.590799230753788
LORENA,2001,0,22.09720983642578,13.344457447509766,19.191488110809328,20.990782521057127,8.06998752418518,90.1930923461914,27.69161376953128,120.0,40.0,14.3,21.28081485167404
BARRY,2001,0,30.70145323196412,13.856343631515504,20.308011168060304,23.573010427093507,4.326495795860291,76.96202850341797,28.555566406250023,120.0,40.0,27.5,24.51861431410524
HUMBERTO,2001,0,30.70668833572388,11.297078625717162,21.66649834823608,20.230969497680665,8.309580649337768,66.22943878173828,24.925439453125023,150.0,65.0,39.6,20.428635125599513
EDOUARD,2002,0,34.34997018615723,20.974982666473387,21.265580977478027,27.26681733169556,6.873240302085876,71.9790267944336,28.450769042968773,180.0,35.0,30.5,47.76630271423813
HANNA,2002,0,27.26998545928955,23.32281547531128,26.430090549469,28.08110769012451,6.098839339523315,67.68343353271484,28.974908447265648,150.0,45.0,27.4,28.7377845936579
GUSTAV,2002,0,37.12214300598144,17.469472656097413,26.72835799087525,25.086481890106203,17.956116704711913,83.29927062988281,26.70577392578128,150.0,60.0,36.8,22.23626495993528
FAY,2002,0,30.56114169921875,17.017828168029784,30.1454681578064,23.96928405319214,7.019014027900696,79.97639465332031,29.389245605468773,175.0,35.0,27.8,45.09261616555507
ISIDORE,2002,1,27.929393493347167,13.620852944259644,24.770473675689697,21.15273334777832,9.171807243804931,82.04877471923828,29.58126220703128,175.0,50.0,19.5,28.55484670776309
KENNA,2002,1,18.145338640289307,11.405343685836792,12.813048071136476,14.69188028038025,5.541011597824097,90.41492462158205,28.914422607421898,150.0,35.0,11.9,30.76812269840401
ELIDA,2002,1,26.942689515838623,11.943828052825928,19.212193094482423,20.05616263534546,8.468746156158447,88.49231719970703,28.7050720214844,270.0,30.0,11.6,72.40204874063002
LILI,2002,1,25.946698049011232,10.285714602966308,23.840030379486084,17.275004494018553,14.441514779891968,86.45816040039062,28.632012939453148,100.0,90.0,22.4,7.2791838962749305
DOUGLAS,2002,1,25.30967638641357,13.726526405563355,20.12489005630493,23.904473691101074,6.903965485687256,87.9451675415039,29.240380859375023,120.0,55.0,16.1,15.404663137238295
KYLE,2002,0,29.919266813659668,9.675425523147585,28.23437721694946,18.75868554718017,10.476779206085205,71.55233001708984,27.427117919921898,200.0,65.0,28.6,27.247365151216815
CRISTOBAL,2002,0,35.99030022583008,16.74251065032959,26.12797463943481,30.98428416168213,6.542901825332642,71.97035217285156,28.75032958984372,150.0,40.0,29.4,33.056330108117194
OLAF,2003,0,29.8700301437378,16.74392323852539,17.92354190185547,23.36586419326782,10.028186983718872,86.88752746582031,28.375665283203148,100.0,55.0,15.5,12.31253310133953
HENRI,2003,0,26.013377031707765,14.516516354064942,19.79796116333008,23.59658322433472,4.443019028244018,78.22623443603516,29.044519042968773,150.0,35.0,27.7,37.09964090675898
ISABEL,2003,1,29.37623602600097,14.635637210083008,23.016780652618408,22.489507082366945,8.938197226791383,80.96885681152344,27.36348876953128,185.0,35.0,13.7,40.830894014095584
BILL,2003,0,22.491334919586183,13.59002070426941,23.24150267211914,11.274591222686768,8.854794275054932,76.12444305419922,28.824578857421898,130.0,45.0,25.9,23.62729535002915
FABIAN,2003,1,25.00820744918824,11.598536440200805,23.1099299067688,16.265380253448487,6.68607653717041,80.20823669433594,27.61397705078128,120.0,50.0,15.5,17.00612845954648
CLAUDETTE,2003,0,35.143707571716305,14.014689763031006,26.89023095840454,27.900707942504884,10.781699900817872,68.66321563720703,28.88692626953128,180.0,65.0,27.8,23.698934284349637
ERIKA,2003,0,29.74541279953003,17.688959571838378,23.805555441589355,26.75119854095459,8.164169339523315,71.76844787597656,29.494287109375023,138.0,55.0,26.0,20.39196922086304
ODETTE,2003,0,34.40833491943359,31.24650279724121,28.138093203430177,31.51155031677246,8.590919277877807,79.36014556884766,28.452783203125023,150.0,50.0,14.3,21.91232115298834
JIMENA,2003,0,22.03652786529541,11.356009691925047,19.071727697143555,14.66814064201355,9.26428264518738,83.89588165283203,26.014459228515648,150.0,85.0,17.3,12.092542151145334
KATE,2003,0,31.4046793069458,9.75629156288147,24.718435928649903,19.78930952407837,12.182433107757568,76.2037353515625,26.666802978515648,180.0,100.0,30.1,13.078896752179837
LARRY,2003,0,27.756197574768063,18.12422953033447,15.0556161794281,24.38338187286377,11.965557255630491,80.33573913574219,28.604089355468773,175.0,45.0,20.5,32.45761081924855
EARL,2004,0,16.8462858303833,9.585118129501344,9.570505627593992,11.55638773742676,7.850624812393188,82.83064270019531,28.7150817871094,100.0,35.0,10.5,18.80773083018202
LESTER,2004,0,17.039953155059816,16.779436298980713,17.40805473022461,11.99825997001648,6.383195011749268,87.67985534667969,29.230157470703148,90.0,30.0,15.7,20.638918412029255
IVAN,2004,1,26.04586656021118,13.920647908859252,20.79090870651245,21.09726979629517,9.570001396636965,81.93119049072266,28.815698242187523,180.0,50.0,8.9,24.822678295422396
FRANCES,2004,1,13.872757090682985,12.114295192108154,18.77749595718384,9.702047805404662,6.177995721168518,81.43096923828125,28.806512451171898,200.0,35.0,11.5,43.22300045598813
JEANNE,2004,1,20.378948307037355,10.236020973739624,21.805224890289303,14.151682084274292,6.096072557525635,81.5101547241211,28.478448486328148,150.0,25.0,16.0,44.66392666806773
MATTHEW,2004,0,31.72674570800781,19.54245695617676,21.73763940414429,30.69366916656494,7.934526433715821,80.22970581054688,29.074884033203148,200.0,30.0,24.0,58.946487706747156
GASTON,2004,0,27.05662161285401,7.56421653087616,23.786607851104737,15.71183662109375,8.931938830795287,74.21064758300781,28.569360351562523,130.0,55.0,31.5,19.815104410485773
ESTELLE,2004,0,27.63040863510132,10.570187990875244,25.587596625671388,17.840922176513672,9.435089954986571,90.28012084960938,26.779656982421898,90.0,55.0,14.3,10.745430245375768
BONNIE,2004,0,22.28688038925171,14.4528071434021,13.794263902511595,16.512850133514405,5.235067147407531,64.47449493408203,30.13497314453128,70.0,40.0,25.2,12.427067601812274
EMILY,2005,1,21.111718237762453,11.212334456710815,16.750546831207277,17.474757812194824,5.43880101676941,83.74568939208984,29.000268554687523,163.0,45.0,11.1,25.797783524344354
RITA,2005,1,30.66669281036377,12.57592697532654,28.31178408401489,16.601908072509765,8.67366413406372,76.9082260131836,30.091180419921898,120.0,60.0,23.2,15.058000690092989
WILMA,2005,1,18.95188200912476,11.341514905700684,19.396691572418213,13.135207161712646,5.923274740409851,84.16546630859375,29.050164794921898,120.0,45.0,16.0,19.19649618665007
GERT,2005,0,26.66438183441162,12.6152486479187,22.93200126159668,19.87317499649048,7.796961291275024,90.38658905029295,28.953240966796898,125.0,35.0,21.0,27.728379539653204
HARVEY,2005,0,20.09463805267334,9.877423781356812,13.8863796685791,13.584952441635131,5.373486887168884,73.80664825439453,27.452050781250023,200.0,50.0,31.6,38.40338396600164
IRENE,2005,0,40.71153702667236,14.953159044265748,31.91219518035889,26.746152523803712,7.102831765213013,68.2359390258789,27.854577636718773,175.0,80.0,36.6,18.282899685011294
KATRINA,2005,1,27.357326788482663,15.737967648925782,23.68367799942017,22.055380912475584,10.23663272453308,83.12269592285156,30.082666015625023,150.0,65.0,25.4,18.43886922968666
DENNIS,2005,1,26.352116422576906,15.08354631072998,24.177659349975585,15.303785865325928,9.813085208892822,81.74451446533203,28.9807067871094,180.0,50.0,14.7,27.59318911503293
ARLENE,2005,0,24.423429304351806,10.817624502716065,20.8472231477356,21.7951384173584,8.389722783966064,79.9288330078125,27.733819580078148,175.0,50.0,23.0,29.79757144466945
TAMMY,2005,0,27.223288482055665,12.71581028251648,20.76324459411621,27.874491640319825,8.924645092926026,79.80084991455078,28.494927978515648,180.0,35.0,27.3,46.51984115817331
NATE,2005,0,40.55654532867432,19.45059423248291,28.194120307159423,36.45609840270996,12.49250826637268,76.52693176269531,28.162377929687523,200.0,75.0,30.5,22.784154779891676
OPHELIA,2005,0,46.423928755493165,15.506005651473998,40.75361065093994,25.51237723114013,15.455531576538084,74.416748046875,27.791375732421898,150.0,70.0,31.7,17.661956765760646
PHILIPPE,2005,0,37.13217942657471,24.37490448989868,23.15370160293579,30.93628953125,7.137929113197327,81.39906311035156,29.378350830078148,150.0,65.0,17.2,16.867533895826064
STAN,2005,0,25.84409261062622,13.418217909088137,17.184391224975585,21.32001938293457,10.522854236679075,84.8789291381836,29.1115661621094,200.0,55.0,19.8,30.463170478738842
JOSE,2005,0,21.422430173339844,10.599332354812622,20.33313929534912,16.045324224090578,8.072715376586913,88.14599609375,29.717401123046898,100.0,35.0,19.5,20.821344844885928
MARIA,2005,0,34.65702088592529,15.15782768737793,28.21176839065552,22.77056578857422,8.11073661529541,81.60147857666016,28.08785400390628,150.0,85.0,31.5,13.54560735228982
ADRIAN,2005,0,18.28453975265503,14.129517240753174,20.10016790908813,13.300172251434326,6.251502213478088,82.4216537475586,29.37935791015628,175.0,50.0,11.2,25.098421301031316
CINDY,2005,0,31.31694682800293,12.929608842773437,26.6962355128479,24.709756482543945,7.119420407562256,84.06689453125,29.390283203125023,200.0,45.0,26.4,41.139048026560104
FRANKLIN,2005,0,18.08142365890503,13.477850634918212,22.71875605773926,13.407937715072633,4.888327261123657,64.2379379272461,29.282098388671898,300.0,45.0,28.1,70.04736543275078
JOHN,2006,1,21.958833660736083,12.404298436431883,22.341645061798097,14.869288010482787,6.504639130439759,85.4984130859375,29.052911376953148,150.0,30.0,12.7,36.250973812292635
LANE,2006,1,20.91879057540893,14.841342121963502,22.01324055175781,14.23772854095459,7.811165959320069,91.96178436279295,29.422662353515648,125.0,45.0,17.6,20.57570761464314
ERNESTO,2006,0,24.241170205078124,15.66816502960205,15.902335818176269,24.53442314376831,7.611321805419922,79.30107879638672,28.86214599609372,150.0,55.0,15.7,20.093500038308033
ALBERTO,2006,0,31.74106809173584,17.327961721038818,31.74189488220215,30.281794041442872,5.251190951843261,68.01300811767578,27.7006774902344,225.0,40.0,25.0,53.19975277820255
BERYL,2006,0,21.79296021377564,8.123402637405395,19.12836099029541,21.04076441467285,4.860476379356384,72.75360107421875,27.03048095703128,150.0,35.0,34.5,39.05837534945308
GORDON,2006,1,29.272507190704346,8.426541839675904,24.62911660522461,21.335769185180663,3.7672406356430055,82.23162841796875,28.721368408203148,120.0,50.0,22.8,18.475573184859822
HELENE,2006,1,37.8233206427002,11.229854628677368,31.651648663635253,22.72031324157715,17.467553983154296,79.02277374267578,27.732568359375023,300.0,70.0,19.4,37.42539002847335
PAUL,2006,1,17.887357769317628,8.739593258590698,17.138118765716552,16.583244111938477,7.140504954795837,77.31059265136719,28.7241149902344,180.0,45.0,15.8,31.502859516322474
CHRIS,2006,0,25.11193257690429,10.233903945236206,20.927881562957765,17.798859674987792,5.459922176361084,72.49966430664062,28.32015380859372,100.0,50.0,17.7,14.022569066229991
GORDON,2006,0,32.4169711517334,10.259546499328613,24.57942946426392,20.06253411254883,7.4718778465271,82.31463623046875,28.468194580078148,200.0,80.0,25.6,20.081500391500615
INGRID,2007,0,28.87936832397461,17.584437314300537,21.86876725982666,25.787529761505127,7.916524276275635,75.55071258544922,27.96651611328128,150.0,35.0,14.7,32.09323720601024
FELIX,2007,1,19.15389509765625,12.065917753982545,13.751263383102415,16.44937079284668,5.212401780509949,80.80721282958984,28.736627197265648,120.0,30.0,11.5,27.441481347281492
DEAN,2007,1,25.247566996765137,12.288079689102172,19.239655143737792,20.49393521072388,8.497782073364258,84.15857696533203,27.2560974121094,180.0,50.0,12.3,26.494785945650992
BARRY,2007,0,32.970898518676755,16.27341458053589,20.592938734588625,30.088113740234377,8.21026290802002,80.45858764648438,27.418145751953148,190.0,30.0,22.3,54.420289436448634
GABRIELLE,2007,0,21.8321771472168,12.442276111068724,13.483187697143554,19.11307463562012,7.105097096939087,66.13636779785156,27.987725830078148,200.0,40.0,32.6,48.93166937327639
ERIN,2007,0,28.593311799163818,13.855593773345948,21.30834235794068,18.6938770388794,11.739189070358275,76.30435180664062,30.2,90.0,20.0,34.0,33.06822268013422
OLGA,2007,0,37.47476357849121,13.883762116699218,30.07720047683716,27.301429450073243,7.475811589508057,71.34817504882812,27.446405029296898,200.0,40.0,18.5,42.34091851657051
KAREN,2007,0,20.61997626586914,12.102704368362426,15.426496586227415,20.016237554016115,7.538885876998902,87.98631286621094,28.047540283203148,175.0,40.0,10.9,31.721152673069103
NOEL,2007,0,61.05318892700196,21.18405869598389,45.91757335479736,42.51914568634033,21.5052538156128,81.80089569091797,25.261346435546898,400.0,70.0,32.3,57.395831580778214
LORENZO,2007,0,22.631996818695068,13.809640166015624,24.189512485046382,16.683584218597414,6.228213509597778,80.40471649169922,29.158258056640648,100.0,45.0,20.6,16.205938534122904
HENRIETTE,2007,0,26.07123197265625,8.546613690109252,25.45010285415649,16.468685433807373,11.001933894042969,88.54192352294922,28.189874267578148,190.0,60.0,20.3,25.915240028918145
ANDREA,2007,0,54.09452365142823,42.59136194061279,22.566470893554687,55.87618666229248,10.82357146194458,69.38372039794922,20.785577392578148,,40.0,35.0,
FLOSSIE,2007,1,20.74427661193848,13.437298045578004,22.585870808868407,15.015979362487792,9.230185880508422,81.06306457519531,26.95626220703128,180.0,55.0,12.6,23.93390452793089
HUMBERTO,2007,1,20.756943560943604,7.376444259300232,16.549872179260255,12.18616108001709,4.649856605987549,78.28311920166016,29.6716247558594,180.0,25.0,27.3,61.3587350801286
DOLLY,2008,1,30.68321935073853,16.0616116255188,26.176885042266846,20.304234997253417,9.546562999191284,81.10233306884766,29.2241149902344,240.0,55.0,23.7,40.31827088741966
KYLE,2008,0,37.877503225097655,24.994863866729737,21.12421093048096,39.9464703616333,13.74669286315918,75.4640121459961,25.922937011718773,175.0,70.0,35.3,21.90926941113787
CRISTOBAL,2008,0,32.71063748565674,19.49644773513793,22.0943494380188,29.95174151184082,10.928692493743895,66.58334350585938,27.209130859375023,140.0,45.0,34.9,27.959356177520625
EDOUARD,2008,0,25.088828788604737,13.41530931213379,28.49924491882324,13.70997669281006,5.976654168167114,70.23136138916016,29.357476806640648,150.0,40.0,28.3,32.74385946201239
FAY,2008,0,32.47740842254639,11.301494354171751,25.13814146392822,20.48030614456177,10.658159608764649,81.54086303710938,29.551934814453148,200.0,55.0,25.5,32.549256936122376
KALMAEGI,2008,1,33.873319920959474,15.376145788345337,28.76998913589477,22.929493083343505,12.438334952926636,88.89972686767578,29.231835937500023,180.0,45.0,18.8,32.89914236087836
BERTHA,2008,1,26.45599912246704,10.302980805664063,17.65343168106079,21.301064377288817,8.550836624374389,85.24041748046875,26.239129638671898,180.0,45.0,17.6,32.354551371746695
NURI,2008,1,21.002498475646973,10.494377237243652,16.0174765864563,18.50365220275879,5.763232390785217,87.50296020507812,29.871026611328148,170.0,35.0,15.9,38.05137531251288
GUSTAV,2008,1,15.917008568267825,11.789844816741944,18.512865540466308,12.234213177947998,5.855110871696472,83.71141815185547,29.266503906250023,180.0,25.0,13.5,53.75533685218651
PALOMA,2008,1,27.04971439025879,14.60209936317444,18.94518055725098,18.13763058029175,8.965132799606323,88.19377899169922,28.425225830078148,180.0,25.0,13.7,53.89787130792714
OMAR,2008,1,22.377247104187013,18.52127247940064,16.983045500946044,26.078183686218264,4.103844460105896,83.94635009765625,29.473291015625023,150.0,30.0,14.8,37.32448969681367
IKE,2008,1,30.18133343841553,11.347116133041382,28.113825234832763,17.916299143218993,8.71423896888733,83.92298126220703,27.597528076171898,250.0,50.0,19.6,45.072671241485004
HANNA,2008,1,34.90844675445557,15.675298414611817,23.63228722518921,28.40573602935791,8.615430093002319,82.22345733642578,29.2521911621094,220.0,40.0,23.6,50.9307954335873
JANGMI,2008,1,32.64781624053955,14.876458471298218,26.101068727264405,28.19066298828125,10.672616392288209,85.87614440917969,29.623559570312523,215.0,45.0,13.2,37.64469522768841
SINLAKU,2008,1,21.943619603881835,10.584661458511352,19.25727171279907,17.892518721466065,4.268460110359192,87.22406005859375,29.60909423828128,185.0,40.0,15.8,36.89952390232852
HAGUPIT,2008,1,22.271701554412843,19.307574312133788,23.45967154296875,19.864163721923827,14.585572822799683,87.53416442871094,29.203637695312523,290.0,55.0,17.2,47.14324745135192
NORBERT,2008,1,28.840088361663817,14.343924771118164,21.41394908279419,31.758415861206053,8.830068420257568,81.69933319091797,27.8434997558594,240.0,60.0,14.6,32.01172580232982
CLAUDETTE,2009,0,21.505954548339844,12.871733510131836,22.0774743850708,13.969233898391725,7.868722440032959,74.05423736572266,30.612420654296898,90.0,30.0,27.0,22.689902125708922
ANA,2009,0,21.296257499084472,14.382850659484864,14.422223311309814,15.830964892272949,8.951926397628784,76.38076782226562,27.535913085937523,150.0,30.0,14.6,37.22502182815525
DANNY,2009,0,20.73419013900757,14.20174183708191,18.545134467926022,17.852222882080078,5.184040179519654,76.79916381835938,28.982934570312523,150.0,40.0,24.6,31.619457809079595
FELICIA,2009,1,25.498297693939207,10.89403959197998,18.914326071777342,16.239994449310302,8.407644301528931,91.3769302368164,28.237603759765648,120.0,35.0,10.6,23.210615506308358
RICK,2009,1,19.60348743988037,8.849816848144531,17.891437961730958,12.09437714241028,6.010230944671631,84.58860778808594,29.143365478515648,175.0,35.0,10.6,36.17600785001067
BILL,2009,0,31.23224714996337,15.23901999420166,29.4066400404358,17.44104478210449,19.803472481842043,88.59830474853516,27.572076416015648,240.0,100.0,16.2,16.665103085928894
ANDRES,2009,0,36.80589750640869,23.92674141998291,23.88612487487793,29.745705698394776,14.022426556777956,87.39326477050781,29.29586181640628,120.0,55.0,16.2,15.423553368242096
JIMENA,2009,1,20.11905432449341,11.5113981010437,15.488046131210329,16.048642508697508,6.591016488685608,87.77490997314453,29.8854919433594,120.0,25.0,13.5,33.46010397791346
MEGI,2010,1,29.431301012573243,11.219563311920163,26.545533485565187,19.808186670532223,5.074442707633972,85.45433807373047,29.706109619140648,150.0,35.0,12.0,30.817050237308344
OTTO,2010,0,29.13947178482056,14.17048415222168,19.663863535614013,26.25917293914795,9.781512379684449,86.29376983642578,27.668542480468773,280.0,65.0,25.2,40.31585098581766
RICHARD,2010,0,23.00350936798096,8.50186875404358,25.17014159179688,12.527223270111085,8.753676503372192,80.57897186279297,28.233026123046898,130.0,75.0,16.8,11.871462684491663
IGOR,2010,1,23.161405955352784,18.296048082733154,19.989570780792235,21.70142190338135,5.433029240722656,84.4011459350586,27.955499267578148,90.0,30.0,15.9,20.679429628610876
EARL,2010,1,31.155578091430662,12.914503232650755,25.027751960144045,32.357653570251465,9.768408863067627,77.94384765625,29.468774414062523,225.0,55.0,16.5,33.73568079993398
PAULA,2010,1,22.373517278137207,19.16691797439575,19.567027092590333,14.132441594924927,11.05384836402893,76.69074249267578,28.87911376953128,150.0,30.0,13.9,36.872319975917335
DANIELLE,2010,1,33.4719298336792,15.393653910675049,36.40561598571777,26.04348629348755,5.5304218208312985,82.3833236694336,28.1254821777344,250.0,35.0,13.2,58.772314951180064
SHARY,2010,1,27.71362713470459,16.98580764846802,22.6128008203125,20.26718143707276,7.2508583096694945,68.55025482177734,26.487878417968773,150.0,35.0,26.8,36.8091692152528
NICOLE,2010,0,20.00489235748291,7.875612051620483,20.098234405822755,17.294016967163085,6.535943160057068,86.51177215576172,29.590142822265648,240.0,30.0,19.8,70.72543170809621
HERMINE,2010,0,26.02866338638305,12.54261529083252,17.656597954864502,21.455455447235103,7.60663264289856,88.12670135498047,29.947351074218773,180.0,45.0,23.0,34.66393446244254
KARL,2010,1,15.305058492355348,8.837904391784669,16.254318686828615,9.886628777008056,4.871057350845337,75.30427551269531,30.0483337402344,180.0,25.0,17.0,56.09275418897485
ALEX,2010,0,33.265825429992674,9.36236854286194,27.16495526321411,20.88579866973877,22.10177016052246,91.2773208618164,29.317254638671898,250.0,75.0,23.5,28.364557281458502
FIONA,2010,0,28.19855086593628,9.042691677474975,23.5359068145752,18.83475027008057,6.697384657897949,81.27323913574219,29.38546142578128,200.0,50.0,17.2,32.74113923970896
MALAKAS,2010,1,46.18792271453857,23.03027253829956,26.242978227233888,32.95986105133057,9.704809952926636,83.32872772216797,29.599542236328148,175.0,35.0,19.4,41.32603822815436
FANAPI,2010,0,31.02710300964356,15.66770158203125,26.87011918762207,20.323093605804445,19.36930923614502,83.69011688232422,28.986749267578148,100.0,80.0,23.3,8.512402917762449
BONNIE,2010,0,28.084114537963867,10.193427361297609,23.407240792388915,17.38759259307861,5.428705738334656,77.89820098876953,28.749597167968773,180.0,35.0,21.9,44.08788898094707
LEE,2011,0,23.49369230224609,17.36672818344116,17.635138478546143,23.0100606628418,9.69817894508362,79.70704650878906,30.328973388671898,120.0,40.0,28.0,24.623506557006138
HARVEY,2011,0,18.88334367477417,9.20471943649292,13.709921079101562,14.835805777282715,6.988798173179626,81.14175415039062,29.368585205078148,150.0,50.0,16.2,22.522241318545376
MARIA,2011,0,33.74460755401611,14.17824504524231,23.756682114562988,22.93077219863892,12.89070798057556,82.66281127929688,26.56514892578128,130.0,60.0,30.9,17.79089566189574
BRET,2011,0,20.6773158531189,8.64658396560669,19.299643797302245,13.68605167541504,6.019281612281799,77.93009948730469,28.878350830078148,250.0,40.0,27.1,62.08243935110813
HILARY,2011,1,22.9304755921936,15.433601237487792,30.39398913696289,13.865152842941283,9.444575799865722,90.7602310180664,28.70394287109372,200.0,40.0,13.6,39.22422919695618
JOVA,2011,1,25.34652232208252,15.547992147598269,18.834709486694337,17.515565297698974,11.183325419464111,85.46721649169922,28.556298828125023,225.0,80.0,16.1,21.034315744170225
DORA,2011,1,25.152560244750976,8.183390364074707,23.23912982055664,18.263154427948,13.999375601501464,90.20782470703124,28.181085205078148,90.0,60.0,11.8,9.483398663348872
BEATRIZ,2011,1,25.350585830383302,10.3453899659729,20.918694178314208,17.471020570983885,7.0260148669052125,92.29263305664062,29.792840576171898,180.0,30.0,13.6,45.71381654225934
NATE,2011,0,31.91200609375,17.710930694274904,22.427234559173584,23.764729418182373,10.721669536972046,83.51350402832031,29.635522460937523,300.0,50.0,20.1,57.34139737496979
IRENE,2011,0,34.91671836669922,23.093364436798097,27.14216476547241,23.9761968371582,19.46410094848633,83.57245635986328,28.788354492187523,150.0,80.0,21.0,13.580949644622265
ARLENE,2011,0,23.8611747114563,13.855839400558471,18.97956465942383,18.278759634552003,10.653706804504395,93.13653564453124,28.766870117187523,200.0,50.0,21.4,34.67456097774068
DON,2011,0,22.04849593536377,18.17898678771973,16.18890028152466,16.282713192596436,4.022286029701233,70.3011474609375,29.499414062500023,180.0,40.0,23.7,39.47754232552497
RINA,2011,1,24.760085034942627,11.623697935714722,24.27417137969971,16.391165485534668,6.421574495429993,82.96756744384766,29.270928955078148,165.0,35.0,15.2,36.31177331757304
OPHELIA,2011,1,33.25059098144531,14.200299588241576,29.04855264038086,22.628756393280028,9.014489039001464,80.00215148925781,28.277856445312523,200.0,55.0,19.6,30.382787783052546
KATIA,2011,1,33.810561704711915,18.267191983184816,28.580246285247803,27.36395038116455,15.432196064453125,73.807861328125,28.558190917968773,300.0,90.0,23.0,26.718869283591474
GERT,2011,0,23.26670124343872,7.636888817558288,19.32408046081543,16.018410896759033,4.590967713508606,68.17582702636719,28.630639648437523,50.0,45.0,29.6,7.568200232524531
EMILY,2011,0,22.79936442062377,13.631486285324096,17.320464993133545,22.41820289291382,5.824247117271423,79.207763671875,28.885186767578148,170.0,40.0,15.4,33.01456074289124
BERYL,2012,0,23.345044274597168,11.915547555160522,15.452051085281372,16.718161114959717,8.836339792785644,71.05973052978516,26.155328369140648,250.0,50.0,30.5,50.59210060781502
ALBERTO,2012,0,27.238661964874268,11.917807325515748,18.15913269378662,14.2977162676239,7.088412520942688,61.739105224609375,25.00582275390628,100.0,40.0,32.5,20.272096332811138
RAFAEL,2012,0,37.81973170471191,23.70251807006836,23.970757816467284,33.39917968780517,16.779328779144286,77.57917785644531,28.611627197265648,250.0,70.0,22.6,30.911918533616213
SANDY,2012,1,21.20561456939697,14.879657186431883,22.211405171661376,18.928083049468995,8.129922417831422,85.8426742553711,29.17757568359372,225.0,45.0,14.0,40.44431541463875
ISAAC,2012,0,36.99841733489991,14.805081984024048,24.269976252288817,25.292285979766845,19.20145037979126,82.55068969726562,29.173486328125023,180.0,60.0,27.4,26.10119503013533
NADINE,2012,0,35.33871147918701,12.700852975616456,28.99073662902832,19.746190362091063,13.53620424545288,80.84823608398438,23.29561767578128,240.0,75.0,35.0,29.115118989084493
PATTY,2012,0,28.611551241760253,11.696880941619874,21.168412705993653,20.503322804718017,4.330950917358399,73.62600708007812,28.5432067871094,180.0,35.0,25.5,45.75717403627974
HELENE,2012,0,14.056556689682006,9.114648401107788,12.631824313735962,12.82389089050293,4.660663739891052,86.53539276123047,29.158288574218773,300.0,25.0,19.7,106.45114222548288
CARLOTTA,2012,1,25.31721575149536,10.666186520690918,25.81944832260132,13.366728883972169,7.69250113571167,87.18722534179688,30.0336853027344,150.0,45.0,10.9,23.278601928245138
LESLIE,2012,0,30.067266014709475,20.78700091659546,22.39226280548096,29.68028729309082,12.24023892326355,77.30648803710938,29.093347167968773,400.0,60.0,25.2,69.47059014232029
DEBBY,2012,0,29.711749821777342,13.744052138900756,26.57130117050171,26.30371581207276,6.5076251231384274,80.2276382446289,28.170922851562523,200.0,45.0,26.5,41.17989743745987
BUD,2012,1,25.758447499542235,13.273299707489011,24.23337687072754,19.664501239471434,10.504466490859986,83.95560455322266,29.206567382812523,200.0,50.0,12.9,30.491975660278005
DORIAN,2013,0,16.373465495910644,9.547436134414673,14.825433820648191,15.019611864547729,10.251248007125854,86.49515533447266,26.016412353515648,170.0,45.0,14.4,28.707246052779166
CHANTAL,2013,0,21.684009251251226,10.613477701568604,16.659002959442137,16.607767903594972,9.369396261825562,78.01203155517578,27.535943603515648,130.0,50.0,12.1,17.856181192651878
BARRY,2013,0,30.34536792541504,20.670119439239503,22.02106354675293,23.637739222412108,12.15793526916504,85.31696319580078,28.84993896484372,140.0,30.0,19.2,36.19712083271514
HUMBERTO,2013,0,27.884678217926027,10.221904360733031,22.80907642791748,19.013924662323,10.372959535064698,90.21624755859376,27.2060485839844,120.0,60.0,15.6,13.86457457213084
FERNAND,2013,0,22.732424053497315,12.851597640075685,19.06665943450928,18.936111815185548,8.38148453994751,91.5637664794922,29.6022888183594,100.0,30.0,18.7,24.040883605886044
GABRIELLE,2013,0,25.163330766296387,9.272196475906371,24.7699657371521,18.22772108047485,8.500487680282593,77.2724609375,28.657159423828148,200.0,30.0,27.6,60.78730386336275
RAYMOND,2013,1,19.749847890319824,10.486770208816528,21.265834946746825,17.58118020477295,6.003021554260254,92.7312469482422,29.3596130371094,90.0,25.0,13.2,24.0190802264951
INGRID,2013,0,27.23511010269165,16.141433981323242,25.52186863739014,16.482071653442382,12.32162217048645,90.50792694091795,29.318139648437523,160.0,60.0,20.3,20.879343673744994
ANDREA,2013,0,29.20849395843506,20.44870643539429,29.416355755310057,22.044643759155274,10.12288600654602,72.99061584472656,27.420281982421898,180.0,40.0,25.6,40.26645866868909
GONZALO,2014,1,24.244833294677736,10.815867109527588,24.867510328063965,17.77275089263916,6.35975754119873,77.04338836669922,28.68245849609372,120.0,35.0,16.4,25.06048799371981
ODILE,2014,1,36.99197355987549,11.973520211791993,27.235927624206543,26.11080668762207,11.270053144073486,93.25043487548828,29.040155029296898,150.0,60.0,15.6,18.152901580218348
ISELLE,2014,0,27.059737834320067,13.60684477798462,23.54153121429444,19.309103689117432,12.262684616012573,84.94924926757812,26.358270263671898,180.0,110.0,16.0,10.4106833124953
JULIO,2014,0,29.581862151794432,11.339856690292358,25.04564289016724,20.35780026748657,12.43286812538147,88.42213439941406,25.838189697265648,210.0,95.0,17.0,15.466526267680878
FAY,2014,0,45.50890899444581,20.69165862854004,30.317205143432616,40.45989241088867,10.834767428359983,70.87350463867188,27.819604492187523,180.0,60.0,28.7,26.4045604213702
HANNA,2014,0,26.18993943344116,18.3001597895813,15.427635740356443,18.03606141067505,8.934749176864624,81.06675720214844,28.762567138671898,180.0,30.0,15.5,46.98434695455321
DOLLY,2014,0,22.07518866165161,15.399064197616577,11.709621115341186,19.327665691223142,5.570677803726197,79.56841278076172,29.6135192871094,190.0,35.0,21.3,46.86917416386067
SIMON,2014,1,18.59828263534546,10.15063168571472,19.554382389068603,11.728064474868775,4.693556004333496,90.56851959228516,28.216607666015648,125.0,45.0,18.3,20.750227438774523
ARTHUR,2014,0,27.68152504837036,10.855596615982057,22.03699131286621,19.545829000701904,16.598608325805664,76.3087158203125,27.690484619140648,250.0,80.0,31.8,27.281224186876997
CRISTOBAL,2014,0,41.37198318328858,13.560686326828003,33.2156729876709,26.804024148864745,16.729532264556884,80.74270629882812,26.70296630859372,200.0,65.0,34.8,28.491112425062088
NORBERT,2014,1,36.74765883087158,15.989866233978272,26.80483981658936,27.753963757476807,12.175903131484985,84.47415161132812,28.566461181640648,150.0,80.0,22.1,13.722043998053804
BERTHA,2014,1,24.211656009979247,12.539054159698486,19.64450069610596,18.53536684692383,7.003674840202332,77.42626190185547,28.72017822265628,180.0,40.0,21.4,38.457946973668264
EDOUARD,2014,0,41.26504543701172,17.714371329040528,38.35031614440918,29.300291799469,16.635545097198488,72.97949981689453,28.185662841796898,210.0,95.0,28.5,16.78519700789105
POLO,2014,0,23.823277676696776,14.918677618103027,26.10928287200928,16.873321507873534,11.34082436882019,88.40518188476562,28.471734619140648,180.0,50.0,15.2,27.813588529754465
IGNACIO,2015,1,21.540195908660888,12.16687795349121,19.71157453613281,17.185959531555177,5.604052517089844,85.08464813232422,28.594415283203148,175.0,45.0,12.2,28.66793357165007
GUILLERMO,2015,1,25.49290131042481,7.640387383270264,24.552251044921874,15.2303850390625,5.81376393321991,90.74568939208984,28.728326416015648,175.0,35.0,8.4,34.672841836457586
BILL,2015,0,26.554763507385253,11.04008026359558,23.572331939849853,16.65924209838867,5.498699761505127,81.34789276123047,28.50582275390628,120.0,45.0,27.0,21.575071229748634
FRED,2015,1,24.830406715545653,9.93169256500244,23.60573724075317,20.34001500350952,11.136958416900637,84.75701904296875,27.480767822265648,180.0,30.0,11.6,44.285163355552896
ANA,2015,0,26.35076500946045,11.570065929031372,16.863674383239747,21.96087283004761,8.437163131103516,69.85118865966797,24.088677978515648,200.0,40.0,31.5,48.52613872782983
KILO,2015,1,23.81598671951294,11.058654315338137,19.16681972351074,19.867847203216552,6.351600400505066,75.88047790527344,29.182550048828148,210.0,60.0,17.4,28.282274145113536
BLANCA,2015,1,21.72050111297608,11.41153534538269,17.891673393096923,22.1142591456604,5.165685338478088,89.69400787353516,29.808862304687523,150.0,45.0,13.3,24.208819694383767
MARTY,2015,0,36.23818164733887,26.3332003465271,24.38592898071289,34.413410597229,9.343848251037596,76.5226821899414,29.985742187500023,175.0,60.0,15.8,22.000815549478947
ERIKA,2015,0,28.64174763168335,20.305755105285645,19.962043848876952,28.61729057647705,5.705373278808594,74.59065246582031,28.320336914062523,165.0,40.0,16.4,32.28614175930831
CARLOS,2015,0,16.32870943710327,7.385017575912475,18.37203494644165,9.86628250175476,5.824138207092285,84.66642761230469,29.084069824218773,135.0,70.0,17.2,13.573216523718632
HILDA,2015,1,16.93331572280884,11.757738095932009,12.876884266433716,13.66910710533142,3.6727999848365775,88.44782257080078,27.863702392578148,240.0,45.0,12.6,42.71029379995755
KATE,2015,0,27.192124413604738,13.469294465866088,21.049729344482422,21.94269456253052,9.788130410995484,87.65206909179688,27.931756591796898,200.0,60.0,-12.2,24.45648636925301
PATRICIA,2015,1,18.895632450561525,12.0129364276886,16.588108457641603,14.989761206512451,11.60021133972168,91.6187515258789,29.194238281250023,220.0,40.0,13.0,43.688631610638026
DANNY,2015,1,19.430693793792724,14.276659063796997,16.09953646713257,11.899232346878051,8.398926852722168,82.61200714111328,27.997216796875023,140.0,55.0,11.7,17.427376670072398
JOAQUIN,2015,1,29.54390208816528,16.59906250442505,25.335026968536376,29.491632617340088,5.850406878852844,77.43148803710938,29.21041259765628,200.0,35.0,26.5,52.750229592712344
OHO,2015,1,29.17152381881714,16.128881967315674,25.126080704345704,21.798580905914307,11.444768243789673,90.25196838378906,27.566217041015648,240.0,60.0,14.9,32.17653338285788
LESTER,2016,1,28.864747480010987,14.45564993080139,22.65852085006713,18.251449596099853,9.175702984085085,74.79165649414062,28.742974853515648,150.0,55.0,17.4,20.562846885982225
OTTO,2016,1,26.377576378326417,11.269313481750489,22.877108677520752,22.78960792236328,9.364460545196533,87.35035705566406,28.3884216308594,180.0,60.0,10.8,20.979392853356558
KARL,2016,0,47.67260481445312,18.45190179321289,34.08880079589844,43.536713418273926,13.794784817581176,79.22793579101562,27.28682861328128,100.0,55.0,32.9,14.369368379147625
DARBY,2016,1,23.565296805725097,12.61763818359375,19.15022830047608,16.464612656555175,7.008640217475891,84.91078186035156,28.812860107421898,200.0,30.0,15.8,53.668011050114735
MADELINE,2016,1,23.964727436676025,7.621067180938721,22.7473248197937,14.418248784942628,8.642666906738281,82.768798828125,27.62923583984372,210.0,50.0,16.0,34.18295941854163
NEWTON,2016,1,28.72234116424561,11.519921828765868,26.82685913757324,23.659437837677004,7.842371738052368,89.62210845947266,29.85054931640628,215.0,35.0,15.7,50.783080536030674
HERMINE,2016,0,35.263403102722165,15.528758146514893,28.657484457397462,21.59896291442871,11.36970920211792,83.6396484375,29.328668212890648,120.0,60.0,26.9,15.572924127632199
GASTON,2016,1,34.060875299072265,10.596514593582151,28.09586200698853,23.99216538665772,9.050923433227538,75.01956176757812,28.654809570312523,210.0,60.0,28.1,31.94995668535772
MATTHEW,2016,1,31.77128487335205,22.26093288665772,25.406840950317385,39.23952372955322,10.995576320266723,78.59305572509766,29.179223632812523,80.0,55.0,14.0,9.355810483081465
NICOLE,2016,1,23.852728842926027,12.930311429290771,20.562823911437988,19.3833275982666,7.205864965705872,74.36277770996094,28.719812011718773,120.0,50.0,25.4,18.948122129645704
EARL,2016,0,33.532378227233885,15.190589723052978,23.341403430480955,25.51002477127076,13.870481563110353,88.841552734375,29.202691650390648,120.0,55.0,16.6,15.498760385957691
JULIA,2016,0,28.127977069854737,11.7991369405365,23.2299739503479,18.910612929840088,6.4496835174942015,76.24701690673828,29.089654541015648,230.0,30.0,27.3,72.04653088604589
BONNIE,2016,0,23.39398433807373,8.126587449111938,21.94193080093384,14.6970616242218,5.080929583282471,79.65390014648438,25.79659423828128,300.0,30.0,29.4,101.0895237752579
DANIELLE,2016,0,22.51930861495972,14.73850495979309,12.134089964752198,21.11329210571289,6.840736870155334,79.19869232177734,29.024530029296898,120.0,30.0,19.8,30.220963813608563
BRET,2017,0,21.09089461151123,10.924756896972657,17.916111910400392,17.75294128967285,7.426352928199768,87.49237060546875,28.003472900390648,120.0,35.0,8.6,22.522019026437036
NATE,2017,0,28.26588979797363,11.83280362586975,23.20284743713379,19.784131887817384,13.330844138565064,84.64712524414062,29.177362060546898,180.0,55.0,21.3,27.155129304925662
NORMA,2017,0,26.72913843658448,9.708870680541992,26.114340011901856,17.005491193695068,9.426195469207764,82.90243530273438,28.749658203125023,150.0,55.0,18.6,20.883198642704
DON,2017,0,19.99990936920166,9.977098377304078,12.921303862304688,13.977497168579102,5.825460886459351,89.60458374023438,28.362329101562523,150.0,35.0,10.7,30.171659077445675
LIDIA,2017,0,32.66308776489258,14.625210566635133,22.425295494537355,23.10653561676025,11.889934661712646,92.21422576904295,29.05355224609372,150.0,40.0,21.0,30.4117746857953
IRMA,2017,1,24.41421782043457,9.613235493621826,20.21010879562378,14.878596818389893,4.484403969421387,90.60862731933594,27.763543701171898,120.0,35.0,16.2,25.00034176328142
FRANKLIN,2017,1,24.11610609741211,11.672383103027345,19.72615830429077,19.26966059326172,15.686899434204102,88.7316665649414,29.556695556640648,180.0,35.0,19.9,43.07200995709114
NATE,2017,1,27.25329949295044,12.563800406188966,21.923587546081546,23.659556480255127,11.580232114944458,92.64663696289062,29.525201416015648,210.0,40.0,16.3,43.599638228915495
KATIA,2017,1,25.11092596878052,13.74603291381836,18.230713097991945,20.654449349975582,6.378656469688416,85.20698547363281,29.750512695312523,180.0,30.0,22.4,50.95342910753274
JOSE,2017,1,27.49481499862671,11.628452907791138,25.80702978149414,17.976558450164795,5.583946307678223,87.80046844482422,28.50655517578128,150.0,50.0,12.5,21.310693002025868
HARVEY,2017,1,23.427385931396486,12.341516120910644,16.996848823394775,17.81574585067749,5.746054243125916,80.53671264648438,29.606225585937523,200.0,30.0,21.4,57.44887246395963
MARIA,2017,1,25.86476978744507,8.911312633209228,24.3309881980896,20.286696287384032,8.570336644363403,85.6406021118164,28.941918945312523,150.0,30.0,12.2,35.98576862829231
CINDY,2017,0,37.70043659240723,21.930441008758542,19.850977711639405,33.0904086706543,7.0902394312667845,67.8194580078125,28.16671142578128,120.0,40.0,25.0,23.97522972832218
MICHAEL,2018,1,27.64703713394165,14.92152133239746,18.942522221984863,24.02361493881225,10.926934173660278,85.30389404296875,29.1205993652344,150.0,30.0,18.4,39.018521970151475
HECTOR,2018,1,17.77338859649658,9.408115452575684,13.36704866279602,10.40562517364502,5.482565297775269,84.65299224853516,27.901879882812523,150.0,40.0,13.4,27.469096429274746
BERYL,2018,1,17.592019316558837,9.190049467086792,17.354361548461913,12.428126129837036,8.890192400512696,87.39706420898438,26.58468017578128,150.0,35.0,10.1,29.86694855680682
NORMAN,2018,1,20.702286408233643,10.807986647033692,13.357599893722536,14.978345565948487,5.2981136280441286,87.12714385986328,29.016259765625023,150.0,35.0,17.2,33.198941097805715
LANE,2018,1,17.627139373474122,9.568363572921752,14.37971775390625,15.192267403259278,4.370758746452331,89.2215347290039,27.85738525390628,240.0,45.0,10.4,40.76219238371709
OLIVIA,2018,1,27.77512662734985,19.708526904907227,22.198884672088624,22.03217516571045,8.501655568161011,85.60958099365234,28.18782958984372,150.0,45.0,16.8,25.480573319404318
ROSA,2018,1,25.355257381896973,9.392696551895142,27.36032065979004,16.77630895477295,6.730504011650085,90.42559051513672,29.373834228515648,130.0,45.0,14.8,20.81325576268354
KIRK,2018,0,25.79427014297485,19.427245743865967,21.618572308044435,29.289465664215086,8.951859661178588,87.38921356201172,28.4836364746094,240.0,45.0,11.5,41.75419234692472
GORDON,2018,1,18.378871725006103,12.555806862487794,18.03394438217163,12.329069772949218,6.777122666244507,74.36042022705078,29.250787353515648,125.0,25.0,23.3,38.486834045018284
FLORENCE,2018,1,36.100856570739744,15.386780983200074,26.78373997558593,29.359290529022218,10.550394145126344,84.19605255126953,25.81429443359372,180.0,65.0,19.1,21.64271059402361
CHRIS,2018,1,30.43838370666504,10.084692365341189,23.940268527679443,18.9585871685791,6.800574040222168,74.66168975830078,27.502465820312523,180.0,60.0,32.2,27.15958665292906
ALBERTO,2018,0,28.041477361450195,10.603785159072876,31.645501495056152,20.82380421508789,12.930202982559203,89.13932800292969,26.604577636718773,210.0,40.0,26.6,49.50022576990974
HELENE,2018,0,28.097059555511475,13.789779583816529,23.274646588592528,17.6264683013916,17.758888248901368,87.29093170166016,26.819116210937523,80.0,85.0,14.4,5.681910870123051
ISAAC,2018,0,21.97647803665161,12.753014926605225,15.283765857162477,16.197320196990965,8.436822960586548,83.57084655761719,26.78853759765628,180.0,55.0,14.3,24.6238087277121
WILLA,2018,1,22.23960317565918,11.738458676986694,16.645555564727783,14.18918982307434,4.658423434333801,85.02423858642578,29.3100524902344,120.0,35.0,14.7,24.540974404173053
HUMBERTO,2019,0,50.99287668457031,22.916724175872805,38.16871514068603,39.194891874694825,22.88614961273193,74.5123291015625,27.90670166015628,120.0,105.0,31.5,7.6788506440323765
NESTOR,2019,0,30.32756226974488,21.199910456695555,19.437886500091555,29.862685426635743,7.945055035629273,81.90230560302734,29.30465087890628,100.0,40.0,23.2,18.817577643499963
KAREN,2019,0,19.94225278381348,13.911500380706787,11.075941836624146,20.26971371459961,5.022841528205872,79.39549255371094,29.4672790527344,160.0,35.0,16.4,35.56106953049851
OLGA,2019,0,35.60818214233399,19.75429513320923,22.636566411743164,27.815251918029784,10.355078800888062,86.07125854492188,28.491632080078148,200.0,35.0,24.7,51.854256020265886
LORENA,2019,0,21.52622018371582,11.60293085006714,21.07570280014038,11.997104131774902,8.920701154098511,83.00658416748047,30.156884765625023,210.0,60.0,22.3,30.13326488868393
LORENZO,2019,1,34.54499633911133,19.18765261871338,23.93983103317261,28.10779670883179,17.559846786193848,85.29940032958984,27.42659912109372,180.0,75.0,13.9,16.903630051661867
DORIAN,2019,1,21.13512234008789,13.8077724723053,24.06751083892822,18.592802831268312,7.033356339874268,71.22164154052734,29.393853759765648,170.0,80.0,22.4,16.023365418687373
JERRY,2019,1,22.89535553527832,11.407241967086792,22.596713628234863,16.118007633514406,7.211063920555115,77.0936279296875,28.311608886718773,220.0,50.0,14.8,35.53359035429965
BARRY,2019,0,46.85823103546143,15.49902705795288,35.01310063110352,35.241609944152835,17.690759602203368,82.97649383544922,29.527215576171898,150.0,60.0,28.6,20.928872755243958
FERNAND,2019,0,29.10831513153076,10.654712485733032,21.852053486633302,19.79253326538086,4.58890954284668,86.13055419921875,30.097314453125023,150.0,35.0,23.4,35.64051685375905
IVO,2019,0,20.41453922668457,20.24617243179321,20.16341552597046,18.65698475845337,3.8228923468399048,85.15978240966797,28.905206298828148,120.0,45.0,15.6,19.099672552012706
GONZALO,2020,0,15.687559383544922,6.610912292900085,13.411902972488404,13.211595371017456,6.226203074035644,77.22161865234375,28.144952392578148,210.0,45.0,9.9,34.22211268963661
OMAR,2020,0,24.464351724853515,16.4452850390625,10.577875659179687,20.95733087539673,6.6710497131347655,77.76129150390625,29.180718994140648,150.0,30.0,32.9,44.226450068877824
FAY,2020,0,26.037956437072754,15.177976533966063,19.29658875091553,21.412254718475342,6.82979626335144,78.4952392578125,26.796441650390648,150.0,40.0,36.0,34.73543915232039
BETA,2020,0,32.78827051513672,20.836163434906005,14.8175088671875,26.095060592956543,9.166749177017213,73.7496566772461,29.36885986328128,150.0,50.0,26.9,25.487878897730496
ARTHUR,2020,0,39.539096239318845,24.14961521057129,18.904471322631835,36.783281264953615,15.58480749572754,70.76838684082031,20.134698486328148,330.0,50.0,36.2,73.9037796652484
HANNA,2020,1,28.949486087646484,9.085661609344482,28.019063183135987,20.310814098968507,5.1320751937484745,85.4425277709961,29.788110351562523,150.0,50.0,27.2,25.55998940024426
DELTA,2020,1,30.789187564697265,13.441131683883668,26.91844379272461,22.883923210601807,4.819591961555481,88.2378158569336,29.82247314453128,180.0,35.0,16.4,41.13051128578212
TEDDY,2020,1,27.653647750091555,11.251199169998168,27.275884219970703,19.4725913079834,9.247217578735352,88.76731872558594,27.933404541015648,270.0,50.0,13.4,44.87334902086063
ZETA,2020,1,26.348952002563475,9.163690423049928,23.700729162445068,14.706464048538209,14.928386844711303,85.01286315917969,28.18819580078128,125.0,55.0,21.7,17.258128726680884
LAURA,2020,1,32.62686470275879,16.596784196166993,23.25322233428955,22.00667813415528,13.365646270446778,82.00001525878906,29.913018798828148,120.0,60.0,22.8,14.99977027083785
CRISTOBAL,2020,0,27.07261055404663,12.27131122909546,23.713410941772462,19.760796375732426,14.178508283462524,91.37548065185548,28.910699462890648,190.0,40.0,19.2,40.0585473264253
NANA,2020,0,28.877342131195068,12.594213689575197,23.59996083023072,18.48386669906616,7.770285712547302,68.24899291992188,29.525292968750023,180.0,35.0,17.1,41.53608268346023
MARCO,2020,0,20.12433948059082,10.286176196746826,22.103255046539307,19.9245806010437,7.653704085769653,79.86247253417969,29.9457946777344,150.0,55.0,22.2,21.79069344307833
PAULETTE,2020,0,41.94041831298828,10.882989148101808,37.0975691619873,23.353988812713624,17.267294580230715,79.67484283447266,28.124627685546898,100.0,80.0,31.8,9.016063332573808
DOUGLAS,2020,1,15.948139268493652,8.71880485435486,13.958486549224853,14.692306652145383,6.529009057502747,85.06036376953125,28.036248779296898,100.0,55.0,12.0,11.817573939630233
ETA,2020,1,19.7348748262024,11.086137683181764,14.37222287979126,16.554543730773926,6.404972876548767,87.65862274169922,29.22066650390628,220.0,45.0,14.9,39.944828616634084
IOTA,2020,1,20.467116426696776,11.756933550949096,21.04360071380616,14.714095176239011,5.708731883354187,84.0396728515625,29.314569091796898,180.0,35.0,13.3,39.22596987039905
GENEVIEVE,2020,1,28.150452423248293,13.517023077392578,23.07889189605713,19.79349538253784,12.08200401916504,90.20370483398438,29.134820556640648,160.0,30.0,11.3,38.307353211333464
EPSILON,2020,1,29.888048985290528,13.980380739364625,20.89342887054444,20.41869542449951,9.198368350982664,73.0693130493164,27.531152343750023,150.0,45.0,25.5,28.217113327651273
ISAIAS,2020,0,35.72323949005127,20.74596170730591,24.1442169732666,31.05474673034668,12.387044283370972,73.48165893554688,28.6064392089844,180.0,60.0,30.1,26.71716118843452
JOSEPHINE,2020,0,20.768431499328614,17.334407349853517,19.03412356124878,17.86818030883789,6.793156098403931,79.94156646728516,28.218164062500023,150.0,30.0,12.4,36.092299543634645
SALLY,2020,0,33.89157604766846,17.029054721984863,23.84843546463013,26.17608976623535,19.723144041290283,82.71651458740234,29.097558593750023,130.0,70.0,29.3,14.521421647507713
FRED,2021,0,31.91482385498047,15.80073142654419,26.18909225128174,19.40986089859009,7.399063281440735,77.09476470947266,29.682733154296898,180.0,50.0,27.8,32.46181870433306
ELSA,2021,1,24.857025290222168,13.312615818710327,16.297532392120363,23.75681002609253,8.094075675125122,83.27559661865234,28.017968750000023,150.0,45.0,10.7,23.198945068965514
NICHOLAS,2021,0,30.9026061618042,21.368874172058103,24.444623688659668,30.342811548614502,14.94058385787964,78.61783599853516,29.720849609375023,150.0,50.0,25.9,25.2433249806954
PETER,2021,0,21.92414924453736,11.326588186340333,22.664191594543457,21.64436409225464,4.958087706718445,81.18988037109375,28.627618408203148,120.0,35.0,16.8,25.18000420931326
GRACE,2021,1,24.838737649078368,14.1492916217041,20.87982946502685,18.02040059036255,16.343313596954346,77.75496673583984,29.491265869140648,140.0,45.0,20.5,24.504543140370888
HENRI,2021,0,35.51926323760986,20.6423737600708,25.332248136901857,30.68154908569336,9.894696472320556,68.69232177734375,28.367272949218773,180.0,60.0,31.6,27.036351316956587
IDA,2021,1,22.391117163085937,12.1163816330719,23.039489583587645,15.968551353302002,7.30441292060852,85.1520004272461,29.016687011718773,150.0,40.0,17.0,28.93128309794251
LARRY,2021,1,31.295587456359865,14.348583346099854,30.83217881515503,20.01484721130371,16.085495859527587,87.02067565917969,27.3410583496094,120.0,80.0,14.1,9.685537364931902
CLAUDETTE,2021,0,20.66239284133912,12.698006480636597,19.002160509185792,20.558261733551024,6.161650852241516,78.10070037841797,28.523980712890648,240.0,35.0,24.6,65.18381086295162
RICK,2021,1,26.75473371902466,9.968000901489258,23.88832532394409,16.291181306610106,5.694700081253052,91.74504852294922,29.240350341796898,120.0,30.0,12.7,27.87795184434052
DANNY,2021,0,23.352086823883056,11.803821468582154,17.945687280578614,15.428862949523928,4.379459511146545,63.47785186767578,27.2238708496094,300.0,35.0,30.7,90.4276386835321
SAM,2021,1,14.724407811584472,8.167980732345582,14.287226595306397,9.100659699630738,5.897441245918274,85.54414367675781,28.851586914062523,300.0,30.0,10.2,80.05356259529282
PAMELA,2021,0,31.119951949768065,8.814322325592041,27.690671649627685,23.09834186370849,6.447156337890625,85.4183120727539,29.754754638671898,120.0,55.0,17.0,15.573400989349375
KAY,2022,1,36.25792080627441,15.11457319869995,28.492591665496825,27.95084926208496,9.00136049621582,91.56643676757812,29.4999938964844,100.0,35.0,14.7,19.787919086171723
BONNIE,2022,0,26.98979061935425,13.162314210128784,26.856011843566893,14.613309233016968,9.87398500038147,84.1167221069336,28.537896728515648,280.0,90.0,14.4,22.7815952296435
ALEX,2022,0,45.16499752868653,31.421856527709963,23.27384945877075,40.53619812652588,14.56706365371704,75.50253295898438,26.827996826171898,180.0,45.0,28.8,36.762339164075925
KAY,2022,0,36.54795371124268,13.364151188583374,26.510748964691164,24.420049844665527,22.27720916534424,90.4589614868164,27.46944580078128,90.0,80.0,19.0,7.266864814545788
KARL,2022,0,23.08771223022461,16.819450362243654,19.79773129333496,24.49860976928711,9.989784791107178,88.91759490966797,28.427362060546898,200.0,35.0,20.9,49.76110024804044
LISA,2022,0,17.95694905654907,6.887038063163757,17.863801656188965,16.76222200241089,9.654632484436036,85.20096588134766,29.044732666015648,160.0,70.0,17.1,16.661244910673044
NICOLE,2022,0,33.02952278259277,14.675431599197388,24.89400284500122,20.31599729660034,10.085988164749146,78.65300750732422,27.275506591796898,100.0,,26.6,
EARL,2022,0,43.060945557250975,13.541989924926758,37.20436602020264,25.87401093200684,25.925813247680665,83.80479431152344,28.348657226562523,180.0,85.0,33.4,17.024998880435167
FIONA,2022,0,35.625370485839845,18.05227095291138,27.686977045593263,25.395238076934813,19.62338787857056,84.27090454101562,29.230889892578148,150.0,100.0,22.3,10.142969106795801
JULIA,2022,0,20.888216012268067,10.4636738356781,18.55865601425171,15.45676063949585,9.625574321746829,89.26129150390625,29.553277587890648,120.0,60.0,12.6,13.342571929144723
IAN,2022,1,20.5533640196228,7.66141121887207,18.0545863369751,15.203946282043455,5.569417689781189,81.36101531982422,29.817529296875023,180.0,40.0,15.0,35.221444111524235
AGATHA,2022,1,22.45850800125122,14.929592735290528,21.864612915802,17.758469292297363,5.2344062711715695,86.27008819580078,30.1728454589844,150.0,35.0,12.9,31.252035139036067
ROSLYN,2022,1,22.55734097640991,16.211370073547364,22.09294055740357,14.869238885040284,7.838947787399292,82.40464782714844,29.111138916015648,195.0,45.0,15.6,34.71651863209584
ORLENE,2022,1,19.54138917297364,12.370187768325806,21.399901060028075,13.23996763130188,5.040261595497132,81.5697021484375,28.487603759765648,180.0,,16.5,
NIGEL,2023,0,34.97534263061524,10.56560727508545,28.14700066574097,20.570426305389404,17.137395787506104,82.52517700195312,27.919122314453148,215.0,75.0,29.0,24.63817743983239
BRET,2023,0,28.32199105331421,17.79948996368408,25.791661860046386,26.2139182107544,9.892548856277466,75.12516784667969,28.522271728515648,120.0,55.0,13.3,14.861398125132924
LEE,2023,1,24.58528558776856,11.876313937606811,23.67723793197632,21.9780574659729,6.698021434860229,89.0062255859375,29.384057617187523,180.0,30.0,12.2,44.7238469735499
ARLENE,2023,0,33.35514475341797,10.293645117797851,26.864726511688232,16.11738475997925,6.093123177185059,72.26366424560547,26.81490478515628,240.0,30.0,28.0,76.31767517990818
OTIS,2023,1,23.260596712036133,11.325520403137206,27.512948775177,17.02917521835327,5.655801999740601,86.18787384033203,28.71663818359372,120.0,50.0,12.2,16.272539153550213
LIDIA,2023,1,33.12392149139404,16.94306295211792,26.35484149429321,25.47222042602539,12.547787365722655,85.42916870117188,28.60445556640628,180.0,60.0,17.9,23.469550331227186
NORMA,2023,1,28.447390697021486,9.990887796325683,25.085916484069823,15.91891611846924,7.222112974090576,90.04415130615234,29.75606689453128,140.0,30.0,12.7,33.40663902695307
FRANKLIN,2023,1,29.10579026916504,10.511667539215088,24.672701068573,14.007657409591674,10.190659652404785,80.0800552368164,29.606011962890648,180.0,,24.6,
CINDY,2023,0,21.473405698547364,10.31987346961975,13.363802676010131,20.020239887237548,7.339373551559448,82.68792724609375,27.8608337402344,120.0,45.0,12.8,18.401585642646804
BEATRIZ,2023,1,25.57678717453003,7.603569717903137,27.26114844100952,12.797331637115478,6.083045973205566,90.4842758178711,30.74508056640628,120.0,35.0,14.1,24.353130907786593
IDALIA,2023,1,31.400600968322752,17.15357937667847,22.37764381530761,24.59118064086914,13.44783498954773,81.93885040283203,29.749169921875023,210.0,60.0,21.8,29.958277863754528
OPHELIA,2023,1,30.447565529937744,14.548911339263917,22.55604703079224,26.61457234329224,5.38229285446167,82.2210693359375,28.749902343750023,100.0,30.0,29.0,26.147232840928528
HAROLD,2023,0,23.96089379837036,11.719205211105349,24.42496238891601,16.297237639465333,7.349055434761047,79.53131866455078,30.717889404296898,240.0,30.0,25.4,74.75698107198868
TAMMY,2023,1,32.11244160675049,25.27721095718384,26.834900879821777,21.43519908081055,10.329644798202514,74.73343658447266,28.5183044433594,195.0,65.0,23.6,25.19257816174646
PHILIPPE,2023,0,26.004564112701416,13.906928006973269,20.59814047012329,25.79220316680908,6.994904094924927,83.41739654541016,28.64449462890628,160.0,45.0,16.6,27.526243619554684
HILARY,2023,1,33.2180680847168,14.55341048828125,22.895907964782715,27.22210576385498,8.858943057708741,90.88999938964844,29.644311523437523,250.0,30.0,11.9,66.26279871586749
JOHN,2024,1,29.99707966079712,13.113439956207277,33.848794275512695,15.58443859146118,7.483474231643677,81.16990661621094,30.7883239746094,180.0,25.0,13.8,53.968713614805765
JOHN,2024,1,29.99707966079712,13.113439956207277,33.848794275512695,15.58443859146118,7.483474231643677,81.16990661621094,30.7883239746094,180.0,25.0,13.8,53.968713614805765
JOHN,2024,1,29.99707966079712,13.113439956207277,33.848794275512695,15.58443859146118,7.483474231643677,81.16990661621094,30.7883239746094,180.0,25.0,13.8,53.968713614805765
JOHN,2024,1,29.99707966079712,13.113439956207277,33.848794275512695,15.58443859146118,7.483474231643677,81.16990661621094,30.7883239746094,180.0,25.0,13.8,53.968713614805765
BERYL,2024,1,25.01229691055298,10.742645174026489,23.503964154205324,17.940205622711183,9.828092568130494,83.13650512695312,28.53463134765628,190.0,30.0,9.0,45.05451945876878
ALBERTO,2024,0,24.62537194885254,13.612868669509888,16.248514469451905,22.089779844970703,6.985577676010132,90.43260192871094,29.828881835937523,360.0,35.0,22.1,105.47926150046068
SARA,2024,0,27.28245034515381,15.720831211547852,26.60026664367676,18.57493414672852,15.01629636062622,84.45269012451172,29.404565429687523,200.0,40.0,15.7,40.618924800790424
FRANCINE,2024,1,30.2502925831604,11.864187368469238,25.12388025527954,20.53625168151856,10.924508489074707,88.67305755615234,29.75753173828128,150.0,55.0,25.3,22.509303646504723
HELENE,2024,1,32.37347010894776,12.934625199279786,25.17391220123291,23.61171942199707,19.75648816711426,87.79147338867188,30.352960205078148,180.0,70.0,22.0,20.393245225434516
MILTON,2024,1,23.50267206237793,11.912596321029664,19.09059186706543,17.816941545410156,10.670161973953247,86.63853454589844,29.850854492187523,200.0,35.0,22.3,50.56549896330753
JOHN,2024,1,29.99707966079712,13.113439956207277,33.848794275512695,15.58443859146118,7.483474231643677,81.16990661621094,30.7883239746094,350.0,25.0,13.8,119.57623950842914
JOHN,2024,1,29.99707966079712,13.113439956207277,33.848794275512695,15.58443859146118,7.483474231643677,81.16990661621094,30.7883239746094,350.0,25.0,13.8,119.57623950842914
JOHN,2024,1,29.99707966079712,13.113439956207277,33.848794275512695,15.58443859146118,7.483474231643677,81.16990661621094,30.7883239746094,350.0,25.0,13.8,119.57623950842914
JOHN,2024,1,29.99707966079712,13.113439956207277,33.848794275512695,15.58443859146118,7.483474231643677,81.16990661621094,30.7883239746094,350.0,25.0,13.8,119.57623950842914
OSCAR,2024,1,16.7521336756897,9.670956961669924,23.0702977243042,10.5692712915802,4.78145764163971,66.00630950927734,30.117364501953148,145.0,35.0,21.0,33.310807220899186
RAFAEL,2024,1,19.0312631628418,10.137121262130735,20.90706720565796,11.516414457550049,6.619828097267151,84.53368377685547,29.8378845214844,120.0,40.0,15.8,21.69524957923945
HONE,2024,0,29.09459337585449,11.06540489265442,22.994583367767333,22.2668390625,11.44499255241394,86.2480697631836,26.6589294433594,180.0,50.0,17.9,28.954288937002563
NADINE,2024,0,23.43061152648926,12.094822978973388,20.817968483276367,14.008319212722778,7.993034835739135,92.43173217773438,29.69112548828128,165.0,40.0,17.4,32.74232677432812
DEBBY,2024,1,23.228160943450927,8.244076969680787,20.89943515106201,19.17134111801148,6.943822440223694,88.4289321899414,30.54561767578128,110.0,35.0,23.5,24.28379537707555
ERNESTO,2024,0,38.33624216857911,17.70794238433838,31.302620736694337,27.21250869155884,19.21386521331787,87.91432189941406,29.29134521484372,180.0,75.0,24.5,19.097125702553367
HUMBERTO,2025,1,30.18904891357422,12.258214200744629,28.09433263000488,22.17049758148193,6.85013883102417,77.11005401611328,28.898461914062523,180.0,50.0,21.3,30.274930046330322
GABRIELLE,2025,1,29.234656500701902,18.71915903076172,27.87599877182007,15.55089981765747,5.63253044342041,76.37969970703125,29.180474853515648,140.0,,26.9,
FERNAND,2025,0,30.06551789047241,11.73526645011902,23.263707372131343,21.9557749067688,6.399132046813965,70.87261962890625,28.332635498046898,120.0,45.0,32.1,22.49649314247547
IMELDA,2025,0,44.1901003414917,24.14624131225586,32.0097230871582,33.06789253387451,18.35143748260498,79.76038360595703,28.122613525390648,110.0,70.0,29.4,11.81826147174219
MELISSA,2025,1,19.78988234527588,15.370558464431763,20.639654249725343,19.014842288513183,7.874294006729126,86.04875946044922,29.77657470703128,180.0,55.0,16.0,25.283821766058757
KIKO,2025,1,19.92476968765259,13.06037706314087,20.204551132354737,10.341710192260742,5.380180923881531,78.54263305664062,27.750909423828148,120.0,45.0,13.9,18.680065428937457
ERIN,2025,1,24.903540596008305,8.807169475784303,21.06647648590088,16.432788638763427,7.125543476867676,75.44425201416016,28.285821533203148,150.0,60.0,17.4,18.592984605425038
JERRY,2025,0,28.514648062286376,21.372700395202635,23.44817804321289,27.32298161590576,7.630150753326416,80.98551940917969,28.616143798828148,165.0,45.0,12.4,26.779882282780303
BARRY,2025,0,24.903694460601805,11.941824105529784,21.65882736404419,20.02785711151123,6.05449250492096,88.58023071289062,28.4333435058594,145.0,30.0,19.7,37.981617732354174
CHANTAL,2025,0,32.953839940490724,17.769113756103515,24.91658386444092,27.98918008377075,8.274350291900635,77.64595031738281,28.211938476562523,170.0,40.0,31.6,39.478503904049525
